Timestamp,Kafka Lag,Kafka Message Rate,Flink Records In,CPU,Mem,Long-Term Prediction,Short-Term Prediction,Aggregate Prediction,Parallelism,Lag Latency
2021-03-16T20:59:07,1824,1099.7652587890625,1365.199951171875,0.08170515298843384,0.4322623908519745,NaN,NaN,1099.7652587890625,0,5.216494560241699
2021-03-16T20:59:27,5540,2490.756591796875,3460.069580078125,0.08033451437950134,0.5659055709838867,NaN,NaN,2490.756591796875,1,5.870153427124023
2021-03-16T20:59:47,8972,3965.252197265625,5444.05224609375,0.08605416119098663,0.35225218534469604,NaN,NaN,3965.252197265625,1,6.081092357635498
2021-03-16T21:00:07,18006,5587.50439453125,7503.3740234375,0.07968631386756897,0.450886994600296,NaN,NaN,5587.50439453125,1,8.963393211364746
2021-03-16T21:00:27,22750,7293.173828125,9405.2177734375,0.07948197424411774,0.4442041218280792,NaN,NaN,7293.173828125,1,9.241689682006836
2021-03-16T21:00:47,34100,9051.234375,11354.208984375,0.08019348233938217,0.46992233395576477,NaN,NaN,9051.234375,1,11.65585708618164
2021-03-16T21:01:07,46637,9292.130859375,11456.4609375,0.07936105132102966,0.5348035097122192,NaN,15581.0,15581.0,1,15.956214904785156
2021-03-16T21:01:27,74839,9383.478515625,10032.0703125,0.1256926953792572,0.5163614153862,NaN,15581.0,15581.0,1,31.81572151184082
2021-03-16T21:01:47,82341,9135.251953125,10435.1396484375,0.07805576175451279,0.39811971783638,NaN,15581.0,15581.0,1,32.33958435058594
2021-03-16T21:02:07,82718,8718.078125,10859.6220703125,0.057745225727558136,0.36714667081832886,NaN,15581.0,15581.0,2,29.681129455566406
2021-03-16T21:02:27,79990,7993.0869140625,11336.9677734375,0.05690811201930046,0.3245200514793396,NaN,15581.0,15581.0,2,25.577739715576172
2021-03-16T21:02:47,83088,7217.6435546875,11823.23046875,0.05723225697875023,0.284025639295578,NaN,15581.0,15581.0,2,23.629457473754883
2021-03-16T21:03:07,83851,6509.60888671875,11979.1162109375,0.058206573128700256,0.3898724317550659,NaN,15581.0,15581.0,2,22.232284545898438
2021-03-16T21:03:27,80608,5963.50439453125,13848.994140625,0.057255521416664124,0.3645502030849457,NaN,4494.0,4494.0,2,16.663036346435547
2021-03-16T21:03:47,81829,5489.58251953125,13297.5126953125,0.03627800568938255,0.31701967120170593,NaN,4114.0,4114.0,2,17.31300926208496
2021-03-16T21:04:07,62835,5087.15673828125,12201.5654296875,0.03239087387919426,0.4654802680015564,NaN,4714.0,4714.0,2,14.546991348266602
2021-03-16T21:04:27,62080,4726.251953125,11136.478515625,0.0335373617708683,0.46304088830947876,NaN,4626.0,4626.0,2,15.862377166748047
2021-03-16T21:04:47,62080,4466.4345703125,9928.9306640625,0.032480284571647644,0.3046227693557739,NaN,3775.0,3775.0,2,18.233497619628906
2021-03-16T21:05:07,65547,4209.251953125,8693.556640625,0.03149674832820892,0.28448978066444397,NaN,3101.0,3101.0,2,22.706722259521484
2021-03-16T21:05:27,66118,4002.67822265625,7466.0693359375,0.030185000970959663,0.3862513303756714,NaN,2973.0,2973.0,2,27.947811126708984
2021-03-16T21:05:47,66118,3841.39990234375,7261.0,0.03936583548784256,0.4726102352142334,NaN,3796.0,3796.0,2,28.558292388916016
2021-03-16T21:06:07,68491,3724.982666015625,7119.96533203125,0.029579175636172295,0.43180134892463684,NaN,3796.0,3796.0,2,30.01236343383789
2021-03-16T21:06:27,68976,3602.9130859375,7026.41748046875,0.030545035377144814,0.39378488063812256,NaN,3095.0,3095.0,2,30.34349822998047
2021-03-16T21:06:47,68976,3510.791259765625,6951.078125,0.02878200262784958,0.344566285610199,NaN,3095.0,3095.0,2,30.460264205932617
2021-03-16T21:07:07,70718,3440.03466796875,6898.95654296875,0.029434071853756905,0.2972867488861084,NaN,2581.0,2581.0,2,31.282325744628906
2021-03-16T21:07:27,70757,3405.77392578125,6885.13916015625,0.029792780056595802,0.38930919766426086,NaN,2581.0,2581.0,2,31.248687744140625
2021-03-16T21:07:47,70369,3392.800048828125,6912.8349609375,0.0360364094376564,0.3507717549800873,NaN,2581.0,2581.0,2,30.84393310546875
2021-03-16T21:08:07,71683,3416.6259765625,6934.3740234375,0.03188126161694527,0.3137219250202179,NaN,2581.0,2581.0,2,31.376953125
2021-03-16T21:08:27,71970,3449.060791015625,6951.5302734375,0.03477149084210396,0.41791096329689026,NaN,2581.0,2581.0,2,31.52404022216797
2021-03-16T21:08:47,71985,3520.0869140625,7034.41748046875,0.030586427077651024,0.39165300130844116,NaN,2581.0,2581.0,2,31.279911041259766
2021-03-16T21:09:07,73926,3592.86083984375,7027.365234375,0.032821934670209885,0.35933738946914673,NaN,2581.0,2581.0,2,32.47308349609375
2021-03-16T21:09:27,74115,3689.58251953125,7139.03466796875,0.03258682042360306,0.3453422784805298,NaN,4044.0,4044.0,2,32.206939697265625
2021-03-16T21:09:47,74670,3791.704345703125,7188.8349609375,0.040452733635902405,0.32751941680908203,NaN,4064.0,4064.0,2,32.529685974121094
2021-03-16T21:10:07,75341,3937.330322265625,7339.22607421875,0.03392857313156128,0.3391520380973816,NaN,4064.0,4064.0,2,32.40705108642578
2021-03-16T21:10:27,78553,4122.33056640625,7487.86083984375,0.035306379199028015,0.37029534578323364,NaN,4064.0,4064.0,2,33.527809143066406
2021-03-16T21:10:47,79716,4328.0,7727.03466796875,0.03571711853146553,0.41027581691741943,NaN,4064.0,4064.0,2,33.245262145996094
2021-03-16T21:11:08,80664,4590.22607421875,8089.0869140625,0.05357709527015686,0.434394508600235,NaN,4064.0,4064.0,2,32.33846664428711
2021-03-16T21:11:28,85029,4895.32177734375,8398.0439453125,0.05021851509809494,0.4024747610092163,NaN,4064.0,4064.0,2,33.269126892089844
2021-03-16T21:11:48,156561,5265.9912109375,8065.9423828125,0.08767829090356827,0.25846490263938904,NaN,4064.0,4064.0,2,67.55110931396484
2021-03-16T21:12:08,151349,5636.68701171875,9491.7841796875,0.06899113953113556,0.16564825177192688,NaN,6339.0,6339.0,2,52.87843322753906
2021-03-16T21:12:28,151930,6042.69580078125,11803.328125,0.06591057777404785,0.19484663009643555,NaN,6645.0,6645.0,3,39.757694244384766
2021-03-16T21:12:48,136624,6519.4697265625,13927.521484375,0.06211024150252342,0.2899405360221863,NaN,7212.0,7212.0,3,29.104652404785156
2021-03-16T21:13:08,116698,7046.2783203125,15788.0166015625,0.0514913909137249,0.22899483144283295,NaN,7212.0,7212.0,3,21.482906341552734
2021-03-16T21:13:28,77750,7574.06103515625,16426.005859375,0.04524605721235275,0.26678720116615295,NaN,7212.0,7212.0,3,13.951566696166992
2021-03-16T21:13:48,78946,8220.521484375,18399.380859375,0.04527189955115318,0.1732577532529831,NaN,7212.0,7212.0,3,12.476157188415527
2021-03-16T21:14:08,82819,8848.8173828125,18346.591796875,0.048413313925266266,0.27668213844299316,NaN,7212.0,7212.0,3,13.57153034210205
2021-03-16T21:14:28,56213,9678.03515625,16055.8955078125,0.05710822716355324,0.18533678352832794,NaN,7212.0,7212.0,3,11.697223663330078
2021-03-16T21:14:48,191142,10419.9306640625,14816.775390625,0.03823759779334068,0.32867705821990967,NaN,7212.0,7212.0,3,46.701358795166016
2021-03-16T21:15:08,191142,11153.6953125,13933.8466796875,0.05614496394991875,0.4146343469619751,NaN,13154.0,13154.0,3,53.36531066894531
2021-03-16T21:15:28,214169,11655.2607421875,13598.390625,0.05569920316338539,0.3170163929462433,NaN,13670.0,13670.0,2,63.74669647216797
2021-03-16T21:15:48,215967,12151.060546875,13122.740234375,0.05480539798736572,0.215199813246727,NaN,14093.0,14093.0,2,69.75942993164062
2021-03-16T21:16:08,244187,12413.669921875,11942.359375,0.05550495535135269,0.25030678510665894,NaN,14423.0,14423.0,2,93.11767578125
2021-03-16T21:16:28,246207,12541.921875,13292.521484375,0.05476437881588936,0.29154425859451294,NaN,14571.0,14571.0,2,79.41583251953125
2021-03-16T21:16:48,268148,12526.6083984375,13275.5908203125,0.054362621158361435,0.3462912142276764,NaN,14571.0,14571.0,2,86.60597229003906
2021-03-16T21:17:08,149302,12505.2431640625,12008.9921875,0.08422226458787918,0.298251211643219,NaN,14571.0,14571.0,2,56.68290710449219
2021-03-16T21:17:28,249944,12447.8779296875,13101.380859375,0.06914154440164566,0.20490524172782898,NaN,14571.0,14571.0,2,82.14655303955078
2021-03-16T21:17:48,252094,12385.599609375,15933.576171875,0.044762447476387024,0.17815102636814117,NaN,14571.0,14571.0,7,60.531890869140625
2021-03-16T21:18:08,244680,12334.49609375,18418.923828125,0.04103415831923485,0.2297636866569519,NaN,14571.0,14571.0,7,46.85118865966797
2021-03-16T21:18:28,235786,12234.15625,20628.150390625,0.03861697390675545,0.20909292995929718,NaN,14571.0,14571.0,7,37.881378173828125
2021-03-16T21:18:48,225842,12257.251953125,22096.26953125,0.04674096032977104,0.2768171429634094,NaN,12027.0,12027.0,7,32.78396224975586
2021-03-16T21:19:08,222997,12175.556640625,25311.4140625,0.03635263070464134,0.23111486434936523,NaN,12027.0,12027.0,7,26.45565414428711
2021-03-16T21:19:28,218415,12252.88671875,26100.251953125,0.037197455763816833,0.22679144144058228,NaN,12049.0,12049.0,7,24.85984992980957
2021-03-16T21:19:48,229408,12165.982421875,23988.056640625,0.08349274098873138,0.32658684253692627,NaN,12049.0,12049.0,7,29.412057876586914
2021-03-16T21:20:08,234306,12175.234375,24380.869140625,0.04831603169441223,0.220479816198349,NaN,12049.0,12049.0,7,29.348024368286133
2021-03-16T21:20:28,234739,12118.8955078125,25210.408203125,0.04390992596745491,0.28225159645080566,NaN,12049.0,12049.0,8,27.952003479003906
2021-03-16T21:20:48,219674,12125.3046875,26431.203125,0.043182048946619034,0.17935356497764587,NaN,11968.0,11968.0,8,24.442886352539062
2021-03-16T21:21:08,221073,12109.2001953125,27508.248046875,0.04387341067194939,0.347512811422348,NaN,12781.0,12781.0,8,23.221477508544922
2021-03-16T21:21:28,206110,12095.3388671875,27547.833984375,0.04552103951573372,0.24775509536266327,NaN,12320.0,12320.0,8,21.59500503540039
2021-03-16T21:21:48,193280,12037.0263671875,30883.892578125,0.0435660295188427,0.3103501796722412,NaN,12064.0,12064.0,8,17.205968856811523
2021-03-16T21:22:08,194616,12006.765625,31118.130859375,0.04374907910823822,0.19846099615097046,NaN,12064.0,12064.0,8,17.126649856567383
2021-03-16T21:22:28,220590,12001.96484375,28887.056640625,0.06586268544197083,0.2273724377155304,NaN,12064.0,12064.0,8,21.540260314941406
2021-03-16T21:22:48,220590,11925.0,28490.880859375,0.03716757148504257,0.23168453574180603,NaN,12064.0,12064.0,8,21.905941009521484
2021-03-16T21:23:08,220590,11934.287109375,28065.193359375,0.04832751676440239,0.22631576657295227,NaN,12064.0,12064.0,8,22.384037017822266
2021-03-16T21:23:28,205907,11885.791015625,27593.162109375,0.04691716283559799,0.2457420378923416,NaN,12064.0,12064.0,6,21.365976333618164
2021-03-16T21:23:48,205907,11913.0263671875,27320.767578125,0.04769870638847351,0.26557978987693787,NaN,12064.0,12064.0,6,21.689781188964844
2021-03-16T21:24:08,195076,11893.5302734375,25534.5546875,0.047266095876693726,0.26604923605918884,NaN,11987.0,11987.0,6,22.617328643798828
2021-03-16T21:24:28,184245,11882.2431640625,28679.34765625,0.0471138060092926,0.2315053641796112,NaN,11999.0,11999.0,6,18.100749969482422
2021-03-16T21:24:48,184245,11851.96484375,28430.251953125,0.04484657943248749,0.24524033069610596,NaN,11969.0,11969.0,6,18.305517196655273
2021-03-16T21:25:08,220278,11820.50390625,26246.021484375,0.06661447137594223,0.2530743479728699,NaN,11833.0,11833.0,6,24.487831115722656
2021-03-16T21:25:28,221954,11644.5478515625,25644.0078125,0.04003451392054558,0.27009642124176025,NaN,11790.0,11790.0,6,25.342622756958008
2021-03-16T21:25:48,221954,11317.6171875,24146.53515625,0.043134380131959915,0.24761439859867096,NaN,11790.0,11790.0,6,27.287595748901367
2021-03-16T21:26:08,211316,10853.7998046875,23553.919921875,0.04768415540456772,0.31669867038726807,NaN,11790.0,11790.0,5,26.436431884765625
2021-03-16T21:26:28,214616,10263.6787109375,22897.66796875,0.04685443267226219,0.21703772246837616,NaN,11790.0,11790.0,5,27.29166030883789
2021-03-16T21:26:48,207517,9584.3134765625,21155.447265625,0.039088789373636246,0.23721472918987274,NaN,11790.0,11790.0,5,28.692981719970703
2021-03-16T21:27:08,186148,8786.5390625,22944.130859375,0.037915319204330444,0.30731746554374695,NaN,11790.0,11790.0,5,22.1522216796875
2021-03-16T21:27:28,186429,8094.1044921875,22177.330078125,0.037405334413051605,0.27224281430244446,NaN,11790.0,11790.0,5,22.53289031982422
2021-03-16T21:27:48,112533,7390.12158203125,20851.4765625,0.06076103821396828,0.28687283396720886,NaN,5557.0,5557.0,5,14.307995796203613
2021-03-16T21:28:08,117942,6810.69580078125,18998.3125,0.05387798696756363,0.2459201216697693,NaN,5861.0,5861.0,5,16.528772354125977
2021-03-16T21:28:28,117942,6252.3828125,18619.3828125,0.031451378017663956,0.25951191782951355,NaN,5637.0,5637.0,8,16.46591567993164
2021-03-16T21:28:48,107063,5790.634765625,18304.486328125,0.02377607487142086,0.26838451623916626,NaN,4810.0,4810.0,8,14.888262748718262
2021-03-16T21:29:08,91191,5340.5654296875,17308.96875,0.02095540054142475,0.2653644382953644,NaN,3851.0,3851.0,8,13.296106338500977
2021-03-16T21:29:28,84636,4987.67822265625,15346.7626953125,0.022204097360372543,0.2486509084701538,NaN,3342.0,3342.0,8,14.170295715332031
2021-03-16T21:29:48,69794,4619.86962890625,16153.869140625,0.018440712243318558,0.2771533131599426,NaN,2991.0,2991.0,8,10.633407592773438
2021-03-16T21:30:08,66546,4354.8955078125,15383.556640625,0.01758822798728943,0.22315548360347748,NaN,3797.0,3797.0,8,10.611288070678711
2021-03-16T21:30:28,70246,4087.852294921875,12826.1982421875,0.021166134625673294,0.28149351477622986,NaN,3797.0,3797.0,8,13.976654052734375
2021-03-16T21:30:48,159702,3873.76513671875,10875.3017578125,0.009098862297832966,0.2757570743560791,NaN,2452.0,2452.0,8,39.004608154296875
2021-03-16T21:31:08,159702,3649.652099609375,9563.8916015625,0.03340808302164078,0.9664906859397888,NaN,2452.0,2452.0,8,45.53154754638672
2021-03-16T21:31:28,152988,3482.21728515625,8401.298828125,0.02814096212387085,0.21100826561450958,NaN,1968.0,1968.0,2,51.31634521484375
2021-03-16T21:31:48,152988,3321.565185546875,7489.47509765625,0.027262389659881592,0.41235220432281494,NaN,1968.0,1968.0,2,59.210182189941406
2021-03-16T21:32:08,149233,3198.921630859375,6361.677734375,0.028782041743397713,0.33361250162124634,NaN,3015.0,3015.0,2,71.86304473876953
2021-03-16T21:32:28,149188,3076.921630859375,6522.67822265625,0.03020549938082695,0.3791589140892029,NaN,3015.0,3015.0,2,68.09095764160156
2021-03-16T21:32:48,149188,2990.930419921875,6400.748046875,0.028014274314045906,0.3003571331501007,NaN,3015.0,3015.0,2,69.10003662109375
2021-03-16T21:33:08,147322,2931.77392578125,6371.9130859375,0.02738764137029648,0.2195422500371933,NaN,3015.0,3015.0,2,68.0841064453125
2021-03-16T21:33:28,146902,2906.487060546875,6346.75634765625,0.02645697258412838,0.42686301469802856,NaN,1506.0,1506.0,2,68.02042388916016
2021-03-16T21:33:48,196940,2894.68701171875,6221.00732421875,0.0909324511885643,0.3132331967353821,NaN,6450.0,6450.0,2,93.6800537109375
2021-03-16T21:34:08,139463,2915.487060546875,7595.3740234375,0.05678249150514603,0.31531891226768494,NaN,5035.0,5035.0,2,50.18090057373047
2021-03-16T21:34:28,139463,2935.800048828125,8352.611328125,0.030140677466988564,0.2722344696521759,4092.7578125,3212.0,3652.37890625,3,44.13034439086914
2021-03-16T21:34:48,101426,2996.017333984375,8703.875,0.024341510608792305,0.3282371759414673,3973.61962890625,3212.0,3592.809814453125,3,30.563884735107422
2021-03-16T21:35:08,93686,3066.939208984375,8911.0791015625,0.02667052298784256,0.17279981076717377,3884.865966796875,3212.0,3548.43310546875,3,27.57365608215332
2021-03-16T21:35:28,86894,3164.695556640625,8934.24609375,0.02656300738453865,0.2990298867225647,3833.340576171875,3212.0,3522.67041015625,3,25.779720306396484
2021-03-16T21:35:48,80951,3283.23486328125,9241.4716796875,0.024220289662480354,0.2576177716255188,3820.7412109375,3212.0,3516.37060546875,3,23.243812561035156
2021-03-16T21:36:08,80973,3430.7216796875,8259.365234375,0.02533857151865959,0.3090924322605133,3840.6513671875,3212.0,3526.32568359375,3,27.651611328125
2021-03-16T21:36:28,115963,3596.434814453125,7719.9208984375,0.05522073060274124,0.3192889094352722,3880.226806640625,3212.0,3546.11328125,3,44.473976135253906
2021-03-16T21:36:48,121125,3783.487060546875,8695.224609375,0.0375937893986702,0.27554863691329956,3919.001953125,4225.0,4072.0009765625,3,40.05365753173828
2021-03-16T21:37:08,121125,4005.521728515625,9700.19921875,0.05719311535358429,0.4905296564102173,3942.908447265625,4303.0,4122.9541015625,3,35.1342658996582
2021-03-16T21:37:28,85759,4272.86083984375,10681.3974609375,0.05477146804332733,0.4018296003341675,3959.307373046875,4303.0,4131.15380859375,2,22.302902221679688
2021-03-16T21:37:48,85895,4551.31298828125,11598.6201171875,0.05430111661553383,0.331632524728775,3997.585693359375,4303.0,4150.29296875,2,20.41485595703125
2021-03-16T21:38:08,48113,4868.69580078125,11864.4638671875,0.03835991024971008,0.3851569890975952,4087.1455078125,4303.0,4195.07275390625,2,11.381309509277344
2021-03-16T21:38:28,11157,5211.443359375,12547.84375,0.040275298058986664,0.3735145330429077,4254.48046875,4303.0,4278.740234375,2,2.507844924926758
2021-03-16T21:38:48,13355,5618.02587890625,12009.521484375,0.041006747633218765,0.23944208025932312,4465.5712890625,4303.0,4384.28564453125,2,3.2985334396362305
2021-03-16T21:39:08,18372,6041.14794921875,11444.0263671875,0.050471577793359756,0.2892396152019501,4506.81640625,4303.0,4404.908203125,2,5.029682159423828
2021-03-16T21:39:28,22057,6544.095703125,11026.0263671875,0.045586369931697845,0.3601854741573334,4249.423828125,7454.0,5851.7119140625,2,6.63211727142334
2021-03-16T21:39:48,26393,7088.30419921875,10792.3046875,0.05519162863492966,0.35994231700897217,4083.22509765625,7828.0,5955.6123046875,2,8.537595748901367
2021-03-16T21:40:08,36390,7695.1044921875,11201.9560546875,0.06074950844049454,0.3749391436576843,4730.27099609375,8593.0,6661.6357421875,2,11.613174438476562
2021-03-16T21:40:28,36701,8394.1826171875,11817.34765625,0.05438690632581711,0.3019731342792511,5286.09375,8593.0,6939.546875,2,11.304231643676758
2021-03-16T21:40:48,119710,9119.4345703125,11175.994140625,0.0884462520480156,0.34203729033470154,4850.0302734375,8593.0,6721.51513671875,2,42.13101577758789
2021-03-16T21:41:08,129502,9846.634765625,11925.8427734375,0.060055818408727646,0.3543063700199127,5210.69580078125,8593.0,6901.84765625,2,43.00328063964844
2021-03-16T21:41:28,138685,10388.7568359375,12839.96875,0.048937585204839706,0.3832007050514221,5301.41748046875,8593.0,6947.208984375,3,42.27691650390625
2021-03-16T21:41:48,136190,10922.095703125,13582.8447265625,0.04666778817772865,0.3030472993850708,4777.20361328125,8593.0,6685.1015625,3,39.106956481933594
2021-03-16T21:42:08,146693,11226.9306640625,13991.70703125,0.046144284307956696,0.2622450292110443,4423.72998046875,8593.0,6508.365234375,3,40.842254638671875
2021-03-16T21:42:28,152445,11444.365234375,14358.5546875,0.04888387769460678,0.3751083314418793,NaN,13855.0,13855.0,3,41.201148986816406
2021-03-16T21:42:48,160519,11430.6083984375,16264.7880859375,0.04678073152899742,0.29975759983062744,NaN,13855.0,13855.0,3,35.71473693847656
2021-03-16T21:43:08,163777,11479.017578125,16533.818359375,0.04613282158970833,0.4006269872188568,NaN,13855.0,13855.0,3,35.612613677978516
2021-03-16T21:43:28,157038,11411.478515625,14494.978515625,0.08037721365690231,0.28828537464141846,NaN,13855.0,13855.0,-1,NaN
2021-03-16T21:43:48,198199,11365.4521484375,13802.525390625,0.0726030245423317,0.2467789351940155,NaN,13855.0,13855.0,-1,56.77777862548828
2021-03-16T21:44:08,216625,11297.7734375,15260.1044921875,0.047410737723112106,0.2922789752483368,NaN,13855.0,13855.0,5,52.85253143310547
2021-03-16T21:44:28,223283,11303.3388671875,16160.78515625,0.03904968127608299,0.254137247800827,NaN,13855.0,13855.0,5,49.87052917480469
2021-03-16T21:44:48,210985,11261.8779296875,17037.69921875,0.03815281018614769,0.2615521550178528,NaN,11181.0,11181.0,5,43.37644958496094
2021-03-16T21:45:08,209485,11271.060546875,17426.2578125,0.04099453240633011,0.2559264898300171,NaN,11189.0,11189.0,5,41.63313293457031
2021-03-16T21:45:28,209886,11260.6787109375,20483.978515625,0.0378970243036747,0.28918516635894775,5507.18603515625,11400.0,8453.5927734375,5,32.72383117675781
2021-03-16T21:45:48,213298,11270.119140625,21942.7578125,0.03915657475590706,0.2768454849720001,6507.650390625,11354.0,8930.8251953125,5,30.06964874267578
2021-03-16T21:46:08,152147,11303.65234375,19882.58203125,0.08968544751405716,0.30502331256866455,7941.56494140625,11342.0,9641.7822265625,5,24.838573455810547
2021-03-16T21:46:28,187712,11268.4609375,20747.87109375,0.0519329197704792,0.26234105229377747,8118.2109375,11342.0,9730.10546875,5,28.728008270263672
2021-03-16T21:46:48,187712,11298.3046875,21520.609375,0.0467037670314312,0.2811006009578705,7776.5732421875,11344.0,9560.287109375,6,27.257572174072266
2021-03-16T21:47:08,172573,11231.173828125,22486.962890625,0.044179242104291916,0.30605652928352356,7725.57666015625,11344.0,9534.7880859375,6,23.437801361083984
2021-03-16T21:47:28,173464,11264.6083984375,23571.849609375,0.045140575617551804,0.28152668476104736,7880.17724609375,11217.0,9548.5888671875,6,22.033584594726562
2021-03-16T21:47:48,160482,11248.8779296875,23214.482421875,0.03951585292816162,0.22455930709838867,7923.2021484375,11270.0,9596.6015625,6,20.826698303222656
2021-03-16T21:48:08,151070,11259.0439453125,25468.373046875,0.03811173513531685,0.30461183190345764,7443.50732421875,11332.0,9387.75390625,6,17.170291900634766
2021-03-16T21:48:28,152603,11255.1826171875,24922.669921875,0.036764830350875854,0.2892441749572754,6859.29638671875,11364.0,9111.6484375,6,17.886228561401367
2021-03-16T21:48:48,164044,11328.0263671875,22373.001953125,0.08600255101919174,0.26372358202934265,7527.6572265625,11306.0,9416.828125,6,22.53287124633789
2021-03-16T21:49:08,190095,11326.861328125,22243.814453125,0.052168916910886765,0.3188534677028656,8287.9169921875,11306.0,9796.958984375,6,26.331497192382812
2021-03-16T21:49:28,190095,11354.19140625,22622.275390625,0.04020022973418236,0.2623378336429596,7870.1494140625,11306.0,9588.07421875,7,25.720333099365234
2021-03-16T21:49:48,173571,11327.5478515625,23543.5390625,0.04147749021649361,0.32495978474617004,7596.21875,11306.0,9451.109375,7,22.14031219482422
2021-03-16T21:50:08,173004,11342.078125,24629.1640625,0.041472479701042175,0.23849046230316162,6817.88134765625,11306.0,9061.9404296875,7,20.69292449951172
2021-03-16T21:50:28,159668,11305.521484375,25005.65234375,0.043845806270837784,0.26703500747680664,6134.27685546875,11306.0,8720.138671875,7,18.661367416381836
2021-03-16T21:50:48,145356,11240.400390625,28295.130859375,0.04082208871841431,0.20186321437358856,6300.89990234375,11306.0,8803.4501953125,7,14.230691909790039
2021-03-16T21:51:08,145346,11282.9560546875,28774.5234375,0.041295841336250305,0.2672280967235565,7063.66455078125,11204.0,9133.83203125,7,13.920530319213867
2021-03-16T21:51:28,132296,11151.4345703125,28871.435546875,0.03843964636325836,0.24601638317108154,7222.7861328125,12026.0,9624.392578125,7,12.553455352783203
2021-03-16T21:51:48,89993,10988.3046875,26615.3046875,0.0760241374373436,0.2475621998310089,6832.77783203125,11002.0,8917.388671875,7,9.513114929199219
2021-03-16T21:52:08,138687,10583.4697265625,26417.173828125,0.043634310364723206,0.32181835174560547,5578.482421875,10677.0,8127.7412109375,7,14.59225082397461
2021-03-16T21:52:28,139421,10162.8779296875,26047.0703125,0.04031616821885109,0.2633092403411865,4331.771484375,10677.0,7504.3857421875,6,14.7224702835083
2021-03-16T21:52:48,116223,9556.4609375,25538.7265625,0.03488532453775406,0.3288615643978119,4345.4931640625,10677.0,7511.24658203125,6,12.31505012512207
2021-03-16T21:53:08,117158,8845.2607421875,23732.4140625,0.03078179620206356,0.28867340087890625,4497.5771484375,10677.0,7587.28857421875,6,13.33864974975586
2021-03-16T21:53:28,98495,8092.06103515625,20977.49609375,0.028975339606404305,0.24733515083789825,4402.91455078125,10677.0,7539.95703125,6,12.856555938720703
2021-03-16T21:53:48,91291,7433.86962890625,22404.513671875,0.02904784306883812,0.28016263246536255,4173.61328125,10677.0,7425.306640625,6,10.546706199645996
2021-03-16T21:54:08,91291,6819.173828125,20568.166015625,0.028704669326543808,0.2955547869205475,4061.942138671875,10677.0,7369.47119140625,6,11.485095977783203
2021-03-16T21:54:28,57019,6256.9130859375,17598.830078125,0.04960298165678978,0.26826637983322144,4142.45849609375,5011.0,4576.7294921875,6,8.599687576293945
2021-03-16T21:54:48,158060,5733.31298828125,16310.8798828125,0.02495957911014557,0.29412487149238586,4380.375,5764.0,5072.1875,6,25.612550735473633
2021-03-16T21:55:08,158060,5302.79150390625,15374.775390625,0.030233975499868393,0.43080830574035645,4722.5107421875,5365.0,5043.75537109375,6,26.983505249023438
2021-03-16T21:55:28,129482,4880.93896484375,13586.2041015625,0.025314433500170708,0.3116612434387207,5194.58056640625,4422.0,4808.2900390625,3,25.394737243652344
2021-03-16T21:55:48,129482,4530.86962890625,11981.24609375,0.025868898257613182,0.27127549052238464,5875.95654296875,3272.0,4573.978515625,3,29.36407470703125
2021-03-16T21:56:08,122671,4192.86962890625,9931.3857421875,0.024307945743203163,0.3158576786518097,6965.85107421875,2839.0,4902.42578125,3,35.07202911376953
2021-03-16T21:56:28,121417,3918.756591796875,9983.443359375,0.02430451102554798,0.25695616006851196,NaN,2496.0,2496.0,3,33.53036880493164
2021-03-16T21:56:48,121417,3679.7216796875,8687.634765625,0.023009121417999268,0.2845833897590637,NaN,3249.0,3249.0,3,39.73636245727539
2021-03-16T21:57:08,119762,3492.295654296875,7920.0869140625,0.026207325980067253,0.2990139126777649,NaN,3249.0,3249.0,3,43.723297119140625
2021-03-16T21:57:28,117481,3310.4609375,7707.34765625,0.021909357979893684,0.31754937767982483,NaN,2303.0,2303.0,3,43.591064453125
2021-03-16T21:57:48,117481,3174.895751953125,7575.9912109375,0.02248423732817173,0.3329269289970398,NaN,2303.0,2303.0,3,43.89686965942383
2021-03-16T21:58:08,113067,3069.6435546875,7360.5478515625,0.02159283682703972,0.3274487257003784,NaN,1814.0,1814.0,3,43.397151947021484
2021-03-16T21:58:28,171244,2987.478271484375,7445.82470703125,0.06658449023962021,0.27469244599342346,NaN,1814.0,1814.0,3,63.963661193847656
2021-03-16T21:58:48,171244,2893.3564453125,8505.0234375,0.03561776503920555,0.25971052050590515,NaN,1814.0,1814.0,3,52.584136962890625
2021-03-16T21:59:08,171244,2852.886962890625,9487.078125,0.05526469647884369,0.44263866543769836,NaN,2125.0,2125.0,3,45.16133117675781
2021-03-16T21:59:28,122791,2826.286865234375,10463.283203125,0.052243806421756744,0.2717287838459015,NaN,3901.0,3901.0,2,28.364330291748047
2021-03-16T21:59:48,122791,2816.017333984375,11422.4462890625,0.05394366756081581,0.31470176577568054,NaN,3901.0,3901.0,2,25.278371810913086
2021-03-16T22:00:08,64309,2831.382568359375,11555.6708984375,0.029749788343906403,0.2353135198354721,NaN,3901.0,3901.0,2,13.062959671020508
2021-03-16T22:00:28,8171,2867.04345703125,11236.6435546875,0.028188955038785934,0.4204040467739105,NaN,3901.0,3901.0,2,1.7274503707885742
2021-03-16T22:00:48,8177,2944.095703125,10038.57421875,0.02596944570541382,0.3382264971733093,NaN,3901.0,3901.0,2,2.0213093757629395
2021-03-16T22:01:08,4016,2985.921630859375,8343.6728515625,0.06304030120372772,0.27401453256607056,NaN,3901.0,3901.0,2,1.280674934387207
2021-03-16T22:01:28,4322,3078.791259765625,7774.9658203125,0.027351120486855507,0.33413463830947876,NaN,3901.0,3901.0,2,1.5379341840744019
2021-03-16T22:01:48,4322,3146.67822265625,6604.2998046875,0.0502525269985199,0.3767029047012329,NaN,3471.0,3471.0,2,1.956829309463501
2021-03-16T22:02:08,326,3270.565185546875,6517.103515625,0.04815935343503952,0.21214242279529572,NaN,3395.0,3395.0,1,0.15310180187225342
2021-03-16T22:02:28,326,3381.895751953125,6799.337890625,0.0522463396191597,0.3986835777759552,NaN,3395.0,3395.0,1,0.146153062582016
2021-03-16T22:02:48,370,3555.608642578125,7058.0361328125,0.06086736172437668,0.3413276970386505,NaN,3395.0,3395.0,1,0.16072851419448853
2021-03-16T22:03:08,397,3732.286865234375,7819.5302734375,0.060076046735048294,0.37933996319770813,NaN,3395.0,3395.0,1,0.15193061530590057
2021-03-16T22:03:28,441,3998.756591796875,7925.57373046875,0.06812404841184616,0.19728688895702362,NaN,3395.0,3395.0,1,0.17072071135044098
2021-03-16T22:03:48,516,4239.65234375,8466.3212890625,0.07676716148853302,0.3827531337738037,NaN,3395.0,3395.0,1,0.18635787069797516
2021-03-16T22:04:08,516,4582.59130859375,9079.1474609375,0.07510784268379211,0.38211122155189514,NaN,3395.0,3395.0,1,0.1744059920310974
2021-03-16T22:04:28,523,4908.22607421875,9757.869140625,0.08324873447418213,0.23033234477043152,NaN,5752.0,5752.0,1,0.16421785950660706
2021-03-16T22:04:48,585,5297.40869140625,10441.634765625,0.08106734603643417,0.3864154815673828,NaN,5794.0,5794.0,1,0.17233121395111084
2021-03-16T22:05:08,2020,5691.8955078125,10961.0,0.08159633725881577,0.21328946948051453,NaN,5794.0,5794.0,1,0.5729804635047913
2021-03-16T22:05:28,4937,6187.5302734375,11319.5126953125,0.08627752214670181,0.3014083504676819,NaN,5794.0,5794.0,1,1.3891665935516357
2021-03-16T22:05:48,6939,6678.86962890625,11689.3564453125,0.08073115348815918,0.17607638239860535,NaN,5794.0,5794.0,1,1.9315029382705688
2021-03-16T22:06:08,12194,7258.68701171875,11813.6865234375,0.07924816012382507,0.2675488591194153,NaN,5794.0,5794.0,1,3.4820163249969482
2021-03-16T22:06:28,18755,7862.66064453125,11826.9306640625,0.08160161972045898,0.3965860605239868,NaN,5794.0,5794.0,1,5.571443557739258
2021-03-16T22:06:48,27335,8565.8173828125,11829.017578125,0.08185053616762161,0.2563055157661438,NaN,5794.0,5794.0,1,8.499639511108398
2021-03-16T22:07:08,63677,9274.6435546875,10862.400390625,0.1111961230635643,0.3457489013671875,NaN,10839.0,10839.0,1,23.673795700073242
2021-03-16T22:07:28,71015,9877.7392578125,11236.673828125,0.07445406913757324,0.3507917523384094,NaN,11371.0,11371.0,1,25.965478897094727
2021-03-16T22:07:48,71199,10350.6435546875,11638.17578125,0.05753844603896141,0.33758553862571716,12868.5791015625,11912.0,12390.2890625,2,25.309818267822266
2021-03-16T22:08:08,76891,10742.7998046875,12138.1083984375,0.05772494524717331,0.32571887969970703,9254.87890625,12396.0,10825.439453125,2,26.131546020507812
2021-03-16T22:08:28,87354,10949.826171875,12585.2314453125,0.057090260088443756,0.3136592209339142,8137.03173828125,12765.0,10451.015625,2,28.343582153320312
2021-03-16T22:08:48,96833,11067.6953125,12655.6005859375,0.0558837465941906,0.2814185321331024,7947.3759765625,12957.0,10452.1875,2,31.339462280273438
2021-03-16T22:09:08,117649,11050.5908203125,14269.5703125,0.05573960021138191,0.25368979573249817,8322.6884765625,12957.0,10639.84375,2,31.477123260498047
2021-03-16T22:09:28,121481,11095.4169921875,14410.73046875,0.055286623537540436,0.21570312976837158,9290.2939453125,12957.0,11123.646484375,2,32.079071044921875
2021-03-16T22:09:48,126573,11075.7998046875,13016.66796875,0.11199945211410522,0.31699445843696594,10065.986328125,12957.0,11511.4931640625,2,39.19007110595703
2021-03-16T22:10:08,154959,11078.3916015625,13797.841796875,0.0706728920340538,0.22715438902378082,11145.16796875,12957.0,12051.083984375,2,43.765533447265625
2021-03-16T22:10:28,158199,11128.5126953125,15201.892578125,0.03908959776163101,0.22701051831245422,11996.22265625,12957.0,12476.611328125,6,38.50555419921875
2021-03-16T22:10:48,151559,11107.478515625,15643.673828125,0.03147668391466141,0.24957191944122314,12072.4453125,12957.0,12514.72265625,6,35.25519561767578
2021-03-16T22:11:08,144893,11113.0693359375,16079.9443359375,0.030427325516939163,0.264910489320755,10194.287109375,11148.0,10671.1435546875,6,32.316612243652344
2021-03-16T22:11:28,147265,11087.6787109375,16114.1826171875,0.033035218715667725,0.19026488065719604,9317.83203125,11151.0,10234.416015625,6,32.698516845703125
2021-03-16T22:11:48,151168,11130.50390625,18165.5078125,0.03287039324641228,0.2975228428840637,8181.3173828125,11116.0,9648.658203125,6,28.033252716064453
2021-03-16T22:12:08,155474,11040.791015625,17868.2421875,0.0304441936314106,0.2252459079027176,8971.880859375,11137.0,10054.4404296875,6,29.436464309692383
2021-03-16T22:12:28,159734,11070.208984375,17054.9296875,0.0315493643283844,0.2791115641593933,9260.296875,11137.0,10198.6484375,6,32.49686050415039
2021-03-16T22:12:48,178399,11011.2783203125,15984.396484375,0.1040491983294487,0.3056070804595947,8314.509765625,11137.0,9725.7548828125,6,39.95819091796875
2021-03-16T22:13:08,191128,11007.42578125,17636.482421875,0.04995455592870712,0.23338353633880615,6577.81103515625,11137.0,8857.4052734375,6,36.850074768066406
2021-03-16T22:13:28,205393,10964.521484375,19435.58203125,0.04253411293029785,0.28332939743995667,7452.5419921875,11137.0,9294.771484375,6,34.173851013183594
2021-03-16T22:13:48,185114,10983.287109375,21207.21484375,0.04136016592383385,0.24976634979248047,7099.345703125,11137.0,9118.1728515625,7,27.105602264404297
2021-03-16T22:14:08,187232,11021.15625,22582.263671875,0.04118557646870613,0.2947354316711426,8265.7607421875,11137.0,9701.380859375,7,25.05868148803711
2021-03-16T22:14:28,173622,11032.4521484375,23799.1953125,0.04156101867556572,0.24672353267669678,8808.029296875,11176.0,9992.0146484375,7,21.55282974243164
2021-03-16T22:14:48,161100,11044.3212890625,26467.111328125,0.03473379835486412,0.31775832176208496,7701.0341796875,11281.0,9491.017578125,7,17.200021743774414
2021-03-16T22:15:08,163467,11009.1044921875,25192.982421875,0.030399218201637268,0.2590208649635315,6640.03515625,11197.0,8918.517578125,7,18.690685272216797
2021-03-16T22:15:28,151429,11050.4091796875,23561.166015625,0.030033964663743973,0.3118336796760559,6202.2529296875,11060.0,8631.126953125,7,19.084997177124023
2021-03-16T22:15:48,151717,10959.1044921875,22004.58203125,0.029648184776306152,0.2786828279495239,7041.8359375,11088.0,9064.91796875,7,21.02994728088379
2021-03-16T22:16:08,154988,10995.9912109375,20904.7734375,0.030047528445720673,0.25658363103866577,7727.24755859375,11088.0,9407.6240234375,7,23.18948745727539
2021-03-16T22:16:28,157887,10947.5478515625,19544.04296875,0.029090749099850655,0.23933926224708557,7957.39208984375,11088.0,9522.6962890625,7,26.034202575683594
2021-03-16T22:16:48,159841,10998.208984375,18895.748046875,0.02951035462319851,0.26034045219421387,6653.52099609375,11088.0,8870.7607421875,7,27.775264739990234
2021-03-16T22:17:08,162400,10962.3134765625,18945.390625,0.030269118025898933,0.2798500955104828,3819.114013671875,11088.0,7453.55712890625,7,28.064510345458984
2021-03-16T22:17:28,164223,10975.2431640625,19037.599609375,0.028732027858495712,0.21998640894889832,NaN,11088.0,11088.0,7,28.191131591796875
2021-03-16T22:17:48,163770,10814.521484375,19048.564453125,0.029017802327871323,0.30727407336235046,NaN,11088.0,11088.0,7,27.887828826904297
2021-03-16T22:18:08,166089,10562.5126953125,18911.513671875,0.02962435409426689,0.23004722595214844,NaN,10766.0,10766.0,7,28.263042449951172
2021-03-16T22:18:28,166807,10122.50390625,18585.216796875,0.02697606384754181,0.2628425061702728,NaN,10766.0,10766.0,7,28.537717819213867
2021-03-16T22:18:48,165799,9586.88671875,18171.216796875,0.027228252962231636,0.20376980304718018,NaN,10766.0,10766.0,7,28.5789794921875
2021-03-16T22:19:08,166930,8917.1650390625,17705.46875,0.024074947461485863,0.29360154271125793,NaN,10766.0,10766.0,7,28.90361976623535
2021-03-16T22:19:28,162747,8224.634765625,17081.0703125,0.02444719709455967,0.250975638628006,NaN,10766.0,10766.0,7,28.623750686645508
2021-03-16T22:19:48,157925,7542.70458984375,16400.833984375,0.022699177265167236,0.313090443611145,NaN,10766.0,10766.0,7,28.349637985229492
2021-03-16T22:20:08,158037,6914.78271484375,15712.34765625,0.02417529560625553,0.24812659621238708,NaN,10766.0,10766.0,7,29.059297561645508
2021-03-16T22:20:28,152629,6353.05224609375,15044.73046875,0.02283063903450966,0.25637245178222656,NaN,4969.0,4969.0,7,28.8084659576416
2021-03-16T22:20:48,355210,5845.0693359375,13919.888671875,0.054541878402233124,0.2889789938926697,3986.788330078125,5595.0,4790.89404296875,7,72.29496765136719
2021-03-16T22:21:08,355210,5413.31298828125,14215.658203125,0.04107919707894325,0.509372889995575,4632.26708984375,5343.0,4987.6337890625,7,68.07633209228516
2021-03-16T22:21:28,355210,4981.251953125,14767.4365234375,0.04057222977280617,0.3057202398777008,4564.216796875,4521.0,4542.6083984375,7,62.62714385986328
2021-03-16T22:21:48,320097,4634.39990234375,15453.1796875,0.03908678889274597,0.3262074887752533,5275.17138671875,3445.0,4360.0859375,4,51.77922821044922
2021-03-16T22:22:08,320097,4286.6435546875,16196.767578125,0.0387851819396019,0.3405471444129944,5452.70068359375,2946.0,4199.3505859375,4,47.46753692626953
2021-03-16T22:22:28,284587,4005.243408203125,16523.232421875,0.03805309534072876,0.2827399969100952,4851.13525390625,2601.0,3726.067626953125,4,40.303001403808594
2021-03-16T22:22:48,245918,3748.713134765625,18296.138671875,0.038960784673690796,0.2202116996049881,4478.06005859375,3262.0,3870.030029296875,4,30.051538467407227
2021-03-16T22:23:08,245918,3565.617431640625,18194.642578125,0.035854872316122055,0.2708992063999176,3596.7646484375,3262.0,3429.38232421875,4,29.884273529052734
2021-03-16T22:23:28,152524,3371.434814453125,16381.6357421875,0.08071091026067734,0.285866916179657,2931.61767578125,2314.0,2622.808837890625,4,20.840564727783203
2021-03-16T22:23:48,105754,3227.4609375,16305.240234375,0.0443076565861702,0.24462828040122986,3546.23046875,2314.0,2930.115234375,4,14.376022338867188
2021-03-16T22:24:08,105754,3072.443359375,16063.8974609375,0.024517957121133804,0.2975154519081116,4342.23828125,1822.0,3082.119140625,6,14.469918251037598
2021-03-16T22:24:28,85732,2984.113037109375,15342.7412109375,0.023149855434894562,0.21448205411434174,5169.779296875,1822.0,3495.8896484375,6,12.33195972442627
2021-03-16T22:24:48,81661,2862.156494140625,14667.931640625,0.02245236188173294,0.26285114884376526,NaN,1822.0,1822.0,6,12.296500205993652
2021-03-16T22:25:08,69353,2821.40869140625,13918.888671875,0.024445142596960068,0.31205856800079346,NaN,1459.0,1459.0,6,11.110088348388672
2021-03-16T22:25:28,56982,2767.930419921875,15204.9296875,0.022599877789616585,0.22202172875404358,NaN,3846.0,3846.0,6,8.141101837158203
2021-03-16T22:25:48,56982,2755.608642578125,14402.5478515625,0.026399964466691017,0.3196219503879547,NaN,3846.0,3846.0,6,8.696706771850586
2021-03-16T22:26:08,3622,2738.67822265625,12454.396484375,0.022850539535284042,0.25432726740837097,NaN,3846.0,3846.0,6,0.6623419523239136
2021-03-16T22:26:28,95475,2766.32177734375,11983.16015625,0.015054267831146717,0.29279130697250366,NaN,3846.0,3846.0,6,18.38818359375
2021-03-16T22:26:48,95475,2811.67822265625,11613.982421875,0.0829959511756897,0.3709789514541626,NaN,3846.0,3846.0,6,19.229440689086914
2021-03-16T22:27:08,45000,2856.512939453125,10662.1884765625,0.04442200809717178,0.35213136672973633,NaN,3846.0,3846.0,1,10.175097465515137
2021-03-16T22:27:28,45000,2916.0,9340.197265625,0.04411394149065018,0.37464067339897156,NaN,3846.0,3846.0,1,12.207972526550293
2021-03-16T22:27:48,278,3007.0869140625,7615.74462890625,0.04772727191448212,0.4086921215057373,NaN,3253.0,3253.0,1,0.10087606310844421
2021-03-16T22:28:08,323,3121.304443359375,8441.7041015625,0.046717170625925064,0.5106331706047058,NaN,3310.0,3310.0,1,0.10306918621063232
2021-03-16T22:28:28,381,3270.939208984375,7684.96533203125,0.06264208257198334,0.3842315971851349,NaN,3310.0,3310.0,1,0.14124417304992676
2021-03-16T22:28:48,381,3413.521728515625,6979.05224609375,0.05225953087210655,0.31095054745674133,NaN,3310.0,3310.0,1,0.1651572287082672
2021-03-16T22:29:08,378,3603.904296875,7189.88671875,0.06664970517158508,0.5549865961074829,NaN,3310.0,3310.0,1,0.16082431375980377
2021-03-16T22:29:28,446,3839.13037109375,7620.19140625,0.0769038051366806,0.33824941515922546,NaN,3310.0,3310.0,1,0.1794571727514267
2021-03-16T22:29:48,465,4097.5302734375,8169.2607421875,0.06681852787733078,0.4799221456050873,NaN,3310.0,3310.0,1,0.1741740107536316
2021-03-16T22:30:08,465,4350.6435546875,8638.9912109375,0.08696741610765457,0.37177515029907227,NaN,3310.0,3310.0,1,0.1650065779685974
2021-03-16T22:30:28,530,4657.0087890625,9275.7392578125,0.07435508072376251,0.4089853763580322,NaN,5264.0,5264.0,1,0.17491672933101654
2021-03-16T22:30:48,530,5005.095703125,9926.0263671875,0.08185504376888275,0.515239417552948,NaN,5455.0,5455.0,1,0.16378015279769897
2021-03-16T22:31:08,657,5410.76513671875,10589.556640625,0.08097165822982788,0.4174700379371643,NaN,5904.0,5904.0,1,0.19146117568016052
2021-03-16T22:31:28,2763,5830.32177734375,11068.50390625,0.0803639143705368,0.5550388693809509,NaN,5904.0,5904.0,1,0.7812977433204651
2021-03-16T22:31:48,5207,6317.2607421875,11504.2607421875,0.08111533522605896,0.42328929901123047,NaN,5904.0,5904.0,1,1.444751262664795
2021-03-16T22:32:08,9151,6849.49560546875,11823.0439453125,0.07991907000541687,0.571090817451477,NaN,5904.0,5904.0,1,2.5355587005615234
2021-03-16T22:32:28,12611,7449.11328125,12038.599609375,0.08058793842792511,0.43917182087898254,NaN,5904.0,5904.0,1,3.546438694000244
2021-03-16T22:32:48,17681,8053.14794921875,12062.9130859375,0.08002025634050369,0.5846914052963257,NaN,5904.0,5904.0,1,5.160987854003906
2021-03-16T22:33:08,26400,8767.861328125,12060.7216796875,0.07855518907308578,0.4630153179168701,NaN,5904.0,5904.0,1,8.068473815917969
2021-03-16T22:33:48,79730,9950.9736328125,8541.67578125,0.051262035965919495,0.2067503184080124,NaN,11108.0,11108.0,1,45.763427734375
2021-03-16T22:34:08,95604,10343.2607421875,7672.56884765625,0.03862897679209709,0.15544970333576202,NaN,11108.0,11108.0,2,67.42799377441406
2021-03-16T22:34:28,95604,10668.9912109375,6796.228515625,0.03732515126466751,0.24219126999378204,12770.564453125,11108.0,11939.2822265625,2,84.78778076171875
2021-03-16T22:34:48,114963,10851.669921875,5779.2529296875,0.03154439851641655,0.2779291272163391,11141.6865234375,11108.0,11124.84375,2,136.90943908691406
2021-03-16T22:35:08,122660,10847.0517578125,4442.7822265625,0.030631553381681442,0.1720825880765915,10459.3544921875,11108.0,10783.677734375,2,233.25621032714844
2021-03-16T22:35:28,145441,10939.7734375,5420.15283203125,0.03071233071386814,0.3406231701374054,9142.2900390625,11108.0,10125.14453125,2,195.16445922851562
2021-03-16T22:35:48,174200,10941.2431640625,6147.52294921875,0.029688993468880653,0.22776752710342407,10093.857421875,11108.0,10600.9287109375,2,187.31924438476562
2021-03-16T22:36:08,238778,11035.251953125,5492.115234375,0.10122384130954742,0.2839176058769226,11563.00390625,11643.0,11603.001953125,2,315.118896484375
2021-03-16T22:36:28,244457,10998.2783203125,6900.2275390625,0.07872356474399567,0.25702881813049316,11545.3486328125,11407.0,11476.173828125,2,215.90097045898438
2021-03-16T22:36:48,244457,11054.49609375,11053.8212890625,0.04330643266439438,0.2567332684993744,10584.6513671875,11216.0,10900.326171875,8,98.2935791015625
2021-03-16T22:37:08,243293,11016.0693359375,15337.740234375,0.043369777500629425,0.23036234080791473,9396.43359375,11170.0,10283.216796875,8,58.084266662597656
2021-03-16T22:37:28,228212,10977.6611328125,19654.37109375,0.04116864502429962,0.2001941055059433,9275.5380859375,11152.0,10213.76953125,8,37.366920471191406
2021-03-16T22:37:48,216231,10943.6865234375,23752.751953125,0.04425550252199173,0.2695472836494446,9929.0400390625,11152.0,10540.51953125,8,26.82302474975586
2021-03-16T22:38:08,209537,10948.15625,28650.490234375,0.040632303804159164,0.2732408046722412,10645.728515625,11152.0,10898.8642578125,8,19.952417373657227
2021-03-16T22:38:28,191545,10921.11328125,31314.0703125,0.04105139896273613,0.20723649859428406,9943.3427734375,11152.0,10547.671875,8,16.120819091796875
2021-03-16T22:38:48,188595,10939.2958984375,28873.04296875,0.08267674595117569,0.22210396826267242,6632.03759765625,11152.0,8892.0185546875,8,17.760852813720703
2021-03-16T22:39:08,219373,10952.5478515625,28278.896484375,0.03280441462993622,0.22567465901374817,4964.7626953125,11152.0,8058.38134765625,8,21.274991989135742
2021-03-16T22:39:28,220586,10972.7392578125,27457.34765625,0.0424293577671051,0.2684246301651001,4053.184814453125,11152.0,7602.59228515625,8,22.30780029296875
2021-03-16T22:39:48,206110,10986.0869140625,26811.68359375,0.04361701011657715,0.2545071840286255,NaN,11137.0,11137.0,6,21.56195068359375
2021-03-16T22:40:08,208383,10988.9130859375,26078.734375,0.04163030534982681,0.23291534185409546,NaN,11094.0,11094.0,6,22.670440673828125
2021-03-16T22:40:28,192726,11044.8173828125,24047.615234375,0.04158066213130951,0.2032691389322281,NaN,11057.0,11057.0,6,23.58205223083496
2021-03-16T22:40:48,178561,10958.8173828125,26416.88671875,0.03857295960187912,0.2609931528568268,NaN,11057.0,11057.0,6,19.0546875
2021-03-16T22:41:08,180627,10999.0087890625,25953.826171875,0.03700147941708565,0.30512651801109314,NaN,11057.0,11057.0,6,19.79204559326172
2021-03-16T22:41:28,170821,10962.8173828125,25322.826171875,0.03676340728998184,0.21566972136497498,6739.931640625,11057.0,8898.4658203125,6,19.3551025390625
2021-03-16T22:41:48,143814,10940.4609375,22832.376953125,0.10056651383638382,0.23266498744487762,4490.5576171875,11057.0,7773.77880859375,6,18.881549835205078
2021-03-16T22:42:08,181664,10888.8525390625,22849.44140625,0.04666503146290779,0.2192482352256775,6679.3466796875,11057.0,8868.173828125,6,23.775196075439453
2021-03-16T22:42:28,183312,10912.1826171875,22653.630859375,0.035589635372161865,0.23808594048023224,7241.85546875,11057.0,9149.427734375,7,24.314098358154297
2021-03-16T22:42:48,164652,10897.9482421875,23129.66796875,0.03628680855035782,0.22485506534576416,6349.93212890625,11057.0,8703.4658203125,7,21.18140411376953
2021-03-16T22:43:08,166072,10887.8349609375,23640.595703125,0.0353432223200798,0.288554847240448,4363.43115234375,11057.0,7710.2158203125,7,20.695276260375977
2021-03-16T22:43:28,152740,10851.03515625,22846.041015625,0.03045528009533882,0.22572916746139526,4057.13427734375,11057.0,7557.0673828125,7,19.963369369506836
2021-03-16T22:43:48,139360,10817.80859375,24904.8203125,0.0295784343034029,0.2403922975063324,NaN,11057.0,11057.0,7,16.077877044677734
2021-03-16T22:44:08,140938,10595.5390625,23962.49609375,0.02871699444949627,0.23942118883132935,NaN,11057.0,11057.0,7,17.026897430419922
2021-03-16T22:44:28,146116,10252.88671875,21972.86328125,0.08407305181026459,0.30478423833847046,NaN,11057.0,11057.0,7,19.702377319335938
2021-03-16T22:44:48,146116,9775.478515625,21170.4140625,0.03325944021344185,0.23595751821994781,NaN,11057.0,11057.0,7,20.35593032836914
2021-03-16T22:45:08,146116,9184.2001953125,20082.09765625,0.030832640826702118,0.22281977534294128,NaN,11057.0,11057.0,7,21.369770050048828
2021-03-16T22:45:28,132460,8530.3564453125,19652.55078125,0.033873964101076126,0.27092504501342773,NaN,11057.0,11057.0,7,19.36025619506836
2021-03-16T22:45:48,132615,7768.9912109375,19478.033203125,0.03360552340745926,0.29558247327804565,NaN,11057.0,11057.0,6,18.890823364257812
2021-03-16T22:46:08,123078,7161.982421875,18768.619140625,0.03217899426817894,0.22369469702243805,NaN,11057.0,11057.0,6,17.880474090576172
2021-03-16T22:46:28,112504,6540.75634765625,19474.66015625,0.03310729190707207,0.2513881027698517,NaN,11057.0,11057.0,6,15.017868041992188
2021-03-16T22:46:48,112504,6020.30419921875,19154.765625,0.03204081207513809,0.21788185834884644,3185.9453125,11057.0,7121.47265625,6,14.916891098022461
2021-03-16T22:47:08,162332,5484.60888671875,17700.578125,0.06536823511123657,0.3276774287223816,3271.62646484375,11057.0,7164.3134765625,6,23.17854881286621
2021-03-16T22:47:28,162332,5110.51318359375,18544.021484375,0.033992163836956024,0.32695111632347107,2970.274658203125,11057.0,7013.63720703125,6,21.29107666015625
2021-03-16T22:47:48,162332,4691.66064453125,19211.109375,0.04702594503760338,0.29335516691207886,2843.584716796875,11057.0,6950.29248046875,6,19.81539535522461
2021-03-16T22:48:08,101832,4369.0,19171.43359375,0.03833343833684921,0.24381127953529358,3202.94580078125,11057.0,7129.97265625,4,12.215255737304688
2021-03-16T22:48:28,101832,4050.652099609375,19006.736328125,0.023973451927304268,0.23542346060276031,3342.58642578125,11057.0,7199.79296875,4,12.101221084594727
2021-03-16T22:48:48,55481,3801.156494140625,16770.078125,0.02269430086016655,0.28986039757728577,3237.768310546875,11057.0,7147.38427734375,4,7.596982002258301
2021-03-16T22:49:08,22506,3575.078369140625,16880.3828125,0.022775381803512573,0.3366857171058655,3226.698486328125,11057.0,7141.84912109375,4,3.0064680576324463
2021-03-16T22:49:28,22520,3386.634765625,14212.3828125,0.020938189700245857,0.28495436906814575,3445.674072265625,11057.0,7251.3369140625,4,3.6897494792938232
2021-03-16T22:49:48,7106,3222.295654296875,10972.2041015625,0.017003465443849564,0.3068339228630066,3522.318603515625,11057.0,7289.6591796875,4,1.6077179908752441
2021-03-16T22:50:08,7935,3105.930419921875,8392.9892578125,0.008673002943396568,0.30695730447769165,3951.360595703125,11057.0,7504.18017578125,4,2.547577381134033
2021-03-16T22:50:28,7935,3008.800048828125,6702.61767578125,0.029831718653440475,0.3453366756439209,4100.099609375,11057.0,7578.5498046875,4,3.449321985244751
2021-03-16T22:50:48,8467,2930.512939453125,5615.6875,0.029314300045371056,0.34342214465141296,5787.91943359375,11057.0,8422.4599609375,1,4.6984710693359375
2021-03-16T22:51:08,9668,2839.939208984375,4520.73193359375,0.02908163331449032,0.3138993978500366,NaN,11057.0,8519.8173828125,1,7.296182632446289
2021-03-16T22:51:28,10355,2796.0869140625,3299.029052734375,0.0295993871986866,0.2725638449192047,NaN,11057.0,8388.2607421875,1,12.621023178100586
2021-03-16T22:51:48,12628,2759.60009765625,3657.165283203125,0.029622063040733337,0.2602609097957611,NaN,11057.0,8278.80078125,1,12.992419242858887
2021-03-16T22:52:08,15580,2747.904296875,3661.78271484375,0.029044585302472115,0.2361839860677719,NaN,11057.0,8243.712890625,1,15.96039867401123
2021-03-16T22:52:28,28875,2737.469482421875,3392.297119140625,0.08299388736486435,0.3732265830039978,NaN,11057.0,8212.408203125,1,33.26667022705078
2021-03-16T22:52:48,32246,2778.886962890625,3981.56884765625,0.06962105631828308,0.27644655108451843,NaN,11057.0,8336.6611328125,1,29.19933319091797
2021-03-16T22:53:08,32436,2826.0087890625,5744.11865234375,0.05453788861632347,0.23380714654922485,NaN,11057.0,8478.0263671875,2,17.128681182861328
2021-03-16T22:53:28,30875,2889.756591796875,6799.962890625,0.030402863398194313,0.2137494534254074,NaN,11057.0,8669.26953125,2,12.92729377746582
2021-03-16T22:53:48,21069,2965.469482421875,7227.880859375,0.03040316514670849,0.28517982363700867,NaN,11057.0,8896.408203125,2,8.18037223815918
2021-03-16T22:54:08,11672,3076.40869140625,7600.0927734375,0.03154642507433891,0.22663713991641998,NaN,11057.0,9229.2265625,2,4.286445617675781
2021-03-16T22:54:28,15524,3183.40869140625,8513.9404296875,0.029595710337162018,0.3213004171848297,NaN,11057.0,9550.2265625,2,4.932888507843018
2021-03-16T22:54:48,15529,3314.1826171875,8183.11328125,0.03136693313717842,0.2789066731929779,NaN,11057.0,9942.5478515625,2,5.297727584838867
2021-03-16T22:55:08,15460,3460.13916015625,7102.14794921875,0.03146729618310928,0.2559564411640167,NaN,11057.0,10380.41796875,2,6.5739312171936035
2021-03-16T22:55:28,36569,3668.19140625,6745.384765625,0.09693022072315216,0.39522841572761536,NaN,11057.0,11004.57421875,2,17.225139617919922
2021-03-16T22:55:48,33698,3887.069580078125,8487.904296875,0.054647352546453476,0.30066511034965515,NaN,11057.0,11057.0,2,11.667234420776367
2021-03-16T22:56:08,33698,4154.921875,9152.7060546875,0.03922087326645851,0.37353065609931946,NaN,11057.0,11057.0,3,10.778898239135742
2021-03-16T22:56:28,12307,4448.287109375,9826.1875,0.03242572769522667,0.3557179868221283,NaN,11057.0,11057.0,3,3.6626176834106445
2021-03-16T22:56:48,6324,4785.29541015625,10598.4775390625,0.03479834645986557,0.26565665006637573,NaN,11057.0,11057.0,3,1.7430269718170166
2021-03-16T22:57:08,4427,5144.6259765625,10983.203125,0.03492581471800804,0.24979400634765625,NaN,11057.0,11057.0,3,1.1964118480682373
2021-03-16T22:57:28,5697,5540.34765625,12022.8369140625,0.03594553843140602,0.25187060236930847,NaN,11057.0,11057.0,3,1.396378993988037
2021-03-16T22:57:48,7244,5990.88671875,11534.521484375,0.037575773894786835,0.2787395417690277,NaN,11057.0,11057.0,3,1.9527955055236816
2021-03-16T22:58:08,23564,6488.33056640625,10873.9443359375,0.06621351093053818,0.29051467776298523,NaN,11057.0,11057.0,3,7.203587532043457
2021-03-16T22:58:28,40430,7021.2001953125,11436.064453125,0.03789206221699715,0.356552392244339,NaN,11057.0,11057.0,3,11.92137336730957
2021-03-16T22:58:48,46403,7667.9912109375,11746.009765625,0.058966655284166336,0.29080745577812195,NaN,11057.0,11057.0,3,13.748038291931152
2021-03-16T22:59:08,32742,8372.4697265625,12068.20703125,0.05473463237285614,0.21158356964588165,NaN,11057.0,11057.0,2,9.750222206115723
2021-03-16T22:59:28,39196,9072.4345703125,12448.4189453125,0.05367088317871094,0.2835566997528076,NaN,11057.0,11057.0,2,11.622267723083496
2021-03-16T22:59:48,47947,9697.9306640625,12160.248046875,0.05374409630894661,0.2327212393283844,NaN,11057.0,11057.0,2,15.306352615356445
2021-03-16T23:00:08,67598,10132.765625,13657.7998046875,0.05539080500602722,0.2932562232017517,11119.4345703125,11057.0,11088.216796875,2,18.448955535888672
2021-03-16T23:00:28,70808,10540.3046875,13444.7392578125,0.05298576503992081,0.3131692409515381,11258.9794921875,11057.0,11157.990234375,2,20.246728897094727
2021-03-16T23:00:48,179142,10714.6787109375,12289.115234375,0.0911431834101677,0.40105944871902466,12173.6025390625,11057.0,11615.30078125,2,59.6002082824707
2021-03-16T23:01:08,148304,10835.3212890625,13275.54296875,0.07480654120445251,0.27202731370925903,12900.7822265625,11057.0,11978.890625,2,43.946041107177734
2021-03-16T23:01:28,148607,10751.6953125,15343.736328125,0.04958442971110344,0.2142065316438675,11967.7158203125,11057.0,11512.357421875,5,34.99391174316406
2021-03-16T23:01:48,144221,10743.73046875,17283.95703125,0.046210672706365585,0.2491784393787384,8356.3486328125,11057.0,9706.673828125,5,28.314834594726562
2021-03-16T23:02:08,139093,10720.5126953125,19335.732421875,0.04899796470999718,0.28690946102142334,3251.570556640625,11057.0,7154.28515625,5,23.068296432495117
2021-03-16T23:02:28,128233,10709.7392578125,21091.998046875,0.048172470182180405,0.27317893505096436,NaN,11057.0,11057.0,5,18.707962036132812
2021-03-16T23:02:48,120489,10660.3828125,24750.2578125,0.04584651440382004,0.2593231797218323,NaN,11057.0,11057.0,5,13.938146591186523
2021-03-16T23:03:08,115337,10661.0693359375,25871.72265625,0.046015527099370956,0.2969769835472107,NaN,11057.0,11057.0,5,12.532966613769531
2021-03-16T23:03:28,99994,10651.0087890625,25869.216796875,0.04260213300585747,0.2724291682243347,NaN,11057.0,11057.0,5,10.863088607788086
2021-03-16T23:03:48,93065,10703.0439453125,25366.634765625,0.039548635482788086,0.23304784297943115,NaN,11057.0,11057.0,5,10.414718627929688
2021-03-16T23:04:08,82125,10715.078125,24441.453125,0.04096522927284241,0.25260066986083984,NaN,11057.0,11057.0,5,9.691915512084961
2021-03-16T23:04:28,80493,10784.7216796875,23426.357421875,0.03764110058546066,0.27433404326438904,NaN,11057.0,11057.0,5,10.12064266204834
2021-03-16T23:04:48,81028,10792.2783203125,22475.330078125,0.03634517267346382,0.2933334708213806,NaN,11057.0,11057.0,5,10.817427635192871
2021-03-16T23:05:08,80542,10850.8525390625,21482.791015625,0.04139559343457222,0.25847214460372925,NaN,11057.0,11057.0,5,11.508796691894531
2021-03-16T23:05:28,84090,10861.1220703125,20649.408203125,0.0362667478621006,0.22657375037670135,8378.4345703125,11057.0,9717.716796875,5,12.736934661865234
2021-03-16T23:05:48,83565,10827.2783203125,20430.634765625,0.04029570147395134,0.2509361207485199,8406.798828125,11057.0,9731.8994140625,5,12.838213920593262
2021-03-16T23:06:08,83534,10875.6083984375,20407.80078125,0.03913891315460205,0.267510324716568,10119.958984375,11057.0,10588.4794921875,5,12.881448745727539
2021-03-16T23:06:28,85162,10820.2001953125,20125.783203125,0.042765431106090546,0.3170745074748993,7199.0732421875,11057.0,9128.037109375,5,13.371837615966797
2021-03-16T23:06:48,86126,10869.0,20218.173828125,0.03495864197611809,0.2303822785615921,7712.890625,11057.0,9384.9453125,5,13.461020469665527
2021-03-16T23:07:08,87363,10834.1650390625,20292.287109375,0.03600609302520752,0.2596641480922699,7519.6689453125,11057.0,9288.333984375,5,13.560380935668945
2021-03-16T23:07:28,89023,10888.6865234375,20218.34765625,0.035762686282396317,0.27756422758102417,7616.6689453125,11057.0,9336.833984375,5,13.925409317016602
2021-03-16T23:07:48,90685,10866.2265625,20218.46875,0.03465365990996361,0.3056671917438507,6913.974609375,11057.0,8985.4873046875,5,14.171515464782715
2021-03-16T23:08:08,90564,10877.208984375,20151.435546875,0.03832053765654564,0.20696890354156494,5976.830078125,11057.0,8516.9150390625,5,14.228713989257812
2021-03-16T23:08:28,92333,10852.7568359375,20392.833984375,0.037310969084501266,0.3325592279434204,5518.8671875,11057.0,8287.93359375,5,14.239480972290039
2021-03-16T23:08:48,92196,10865.2607421875,20250.794921875,0.03796783834695816,0.23809561133384705,5937.30224609375,11057.0,8497.1513671875,5,14.37309455871582
2021-03-16T23:09:08,92717,10798.8525390625,20156.513671875,0.036568429321050644,0.30384957790374756,5545.98583984375,11057.0,8301.4931640625,5,14.512022972106934
2021-03-16T23:09:28,94326,10782.6435546875,20109.19140625,0.03984164074063301,0.31763190031051636,4873.9599609375,11057.0,7965.47998046875,5,14.804401397705078
2021-03-16T23:09:48,94880,10743.556640625,19950.7734375,0.039407577365636826,0.26338905096054077,4573.37841796875,11057.0,7815.189453125,5,15.040023803710938
2021-03-16T23:10:08,96834,10623.4169921875,19718.7734375,0.03932726010680199,0.24274133145809174,4596.89111328125,11057.0,7826.9453125,5,15.533674240112305
2021-03-16T23:10:28,98076,10303.2265625,19268.96484375,0.03336828202009201,0.1972736269235611,4360.01025390625,11057.0,7708.5048828125,5,16.043081283569336
2021-03-16T23:10:48,98034,9867.3046875,18694.869140625,0.03309693560004234,0.3001612722873688,3909.888916015625,11057.0,7483.4443359375,5,16.428089141845703
2021-03-16T23:11:08,96422,9322.5390625,18007.9921875,0.029211990535259247,0.27241218090057373,3879.264892578125,11057.0,7468.13232421875,5,16.623828887939453
2021-03-16T23:11:28,96617,8698.712890625,17224.84375,0.0323987752199173,0.28628984093666077,3552.791259765625,11057.0,7304.8955078125,5,17.217315673828125
2021-03-16T23:11:48,93709,7973.33056640625,16268.861328125,0.02327820286154747,0.2606339156627655,3544.321044921875,11057.0,7300.66064453125,5,17.441701889038086
2021-03-16T23:12:08,200266,7316.30419921875,14816.998046875,0.07838280498981476,0.25601714849472046,3413.884765625,11057.0,7235.4423828125,5,41.065216064453125
2021-03-16T23:12:28,200266,6754.41748046875,14102.33984375,0.022488461807370186,0.3092190623283386,3112.92236328125,11057.0,7084.9609375,5,42.5616340637207
2021-03-16T23:12:48,200266,6191.88671875,13290.373046875,0.029248937964439392,0.29650625586509705,2992.263427734375,11057.0,7024.6318359375,5,44.61506271362305
2021-03-16T23:13:08,188424,5736.47802734375,12506.720703125,0.026251710951328278,0.2506704032421112,2971.9833984375,11057.0,7014.49169921875,4,44.3050537109375
2021-03-16T23:13:28,188427,5295.9912109375,11859.837890625,0.02524005062878132,0.3302745521068573,2689.321044921875,11057.0,6873.16064453125,4,46.18721008300781
2021-03-16T23:13:48,180276,4951.5478515625,10958.2392578125,0.024296101182699203,0.26937416195869446,2525.66552734375,11057.0,6791.3330078125,4,48.06743621826172
2021-03-16T23:14:08,171895,4590.73046875,11430.6259765625,0.024658281356096268,0.27105554938316345,2906.62109375,11057.0,6981.810546875,4,41.840179443359375
2021-03-16T23:14:28,171895,4300.33935546875,11163.208984375,0.022360891103744507,0.3299027979373932,3166.760498046875,11057.0,7111.88037109375,4,42.14131164550781
2021-03-16T23:14:48,161293,4019.756591796875,10907.0693359375,0.024286147207021713,0.23804382979869843,2848.25732421875,11057.0,6952.62890625,4,39.78559494018555
2021-03-16T23:15:08,149888,3803.286865234375,10553.0517578125,0.026213929057121277,0.26316893100738525,2802.23486328125,11057.0,6929.6171875,4,37.891204833984375
2021-03-16T23:15:28,149888,3571.243408203125,10236.712890625,0.022529587149620056,0.2891852557659149,3270.173828125,11057.0,7163.5869140625,4,38.5931510925293
2021-03-16T23:15:48,137890,3395.05224609375,9997.287109375,0.025214018300175667,0.2568393051624298,3415.4130859375,11057.0,7236.20654296875,4,35.999149322509766
2021-03-16T23:16:08,127050,3226.58251953125,9870.65234375,0.022797537967562675,0.23167745769023895,2811.733642578125,11057.0,6934.36669921875,4,33.14002227783203
2021-03-16T23:16:28,152085,3117.339111328125,9329.90625,0.06406345218420029,0.28972145915031433,3910.558837890625,11057.0,7483.779296875,4,42.297210693359375
2021-03-16T23:16:48,152085,2976.9130859375,10229.8271484375,0.035524994134902954,0.24761943519115448,5443.79443359375,11057.0,8250.3974609375,4,36.79559326171875
2021-03-16T23:17:08,152085,2891.156494140625,11073.375,0.03203650563955307,0.25714898109436035,NaN,11057.0,8673.4697265625,4,32.85138702392578
2021-03-16T23:17:28,106678,2802.6259765625,11976.955078125,0.04375237226486206,0.31416118144989014,NaN,11057.0,8407.8779296875,4,20.634510040283203
2021-03-16T23:17:48,106678,2748.487060546875,12723.1708984375,0.04275643080472946,0.33582642674446106,NaN,11057.0,8245.4609375,3,19.005542755126953
2021-03-16T23:18:08,61699,2701.147705078125,12333.6298828125,0.023669440299272537,0.3473086357116699,NaN,11057.0,8103.443359375,3,11.380844116210938
2021-03-16T23:18:28,15989,2689.565185546875,12559.4873046875,0.02312459982931614,0.2757381200790405,NaN,11057.0,8068.6953125,3,2.879049777984619
2021-03-16T23:18:48,16007,2707.1826171875,11289.4873046875,0.024716801941394806,0.3044832944869995,NaN,11057.0,8121.5478515625,3,3.3076260089874268
2021-03-16T23:19:08,4127,2763.295654296875,9369.76953125,0.02586233988404274,0.36665478348731995,NaN,11057.0,8289.88671875,3,1.0949275493621826
2021-03-16T23:19:28,6267,2823.7216796875,7423.02197265625,0.010450556874275208,0.34732121229171753,NaN,11057.0,8471.1650390625,3,2.2992169857025146
2021-03-16T23:19:48,6991,2923.147705078125,5526.40625,0.02884860895574093,0.4889265298843384,NaN,11057.0,8769.443359375,3,3.9670305252075195
2021-03-16T23:20:08,9166,3019.73046875,4755.30322265625,0.029344219714403152,0.4534614384174347,NaN,11057.0,9059.19140625,1,6.612632751464844
2021-03-16T23:20:28,11029,3154.921630859375,4068.1103515625,0.029111338779330254,0.3962361216545105,NaN,11057.0,9464.7646484375,1,10.35879898071289
2021-03-16T23:20:48,14877,3293.556640625,3050.267822265625,0.029141103848814964,0.3455143868923187,NaN,11057.0,9880.669921875,1,22.757368087768555
2021-03-16T23:21:08,14877,3433.13916015625,3408.40869140625,0.02961450070142746,0.5623161196708679,NaN,11057.0,10299.41796875,1,19.48705291748047
2021-03-16T23:21:28,16921,3591.391357421875,3453.49560546875,0.02905198745429516,0.5328998565673828,NaN,11057.0,10774.173828125,1,22.31977081298828
2021-03-16T23:22:08,57119,4028.634765625,3700.702880859375,0.10294350236654282,0.23998482525348663,NaN,11057.0,11057.0,1,72.3975830078125
2021-03-16T23:22:28,57119,4316.29541015625,6127.5830078125,0.05023432895541191,0.31062212586402893,NaN,11057.0,11057.0,3,33.77544403076172
2021-03-16T23:22:48,57119,4611.30419921875,8200.8427734375,0.04800356924533844,0.2066359519958496,NaN,11057.0,11057.0,3,22.487255096435547
2021-03-16T23:23:08,42870,4963.8173828125,9448.962890625,0.03505513444542885,0.1805133819580078,NaN,11057.0,11057.0,3,14.182292938232422
2021-03-16T23:23:28,37218,5337.0693359375,10510.412109375,0.04198797792196274,0.24774698913097382,NaN,11057.0,11057.0,3,10.896615028381348
2021-03-16T23:23:48,37519,5762.0693359375,12349.41796875,0.0371931754052639,0.22676552832126617,NaN,11057.0,11057.0,3,9.00131607055664
2021-03-16T23:24:08,41512,6208.5390625,12826.7041015625,0.04001738503575325,0.1507655531167984,NaN,11057.0,11057.0,3,9.745368957519531
2021-03-16T23:24:28,44458,6704.33935546875,11960.669921875,0.043064653873443604,0.264263391494751,NaN,11057.0,11057.0,3,11.982725143432617
2021-03-16T23:24:48,48261,7254.04345703125,11665.599609375,0.0431087352335453,0.22693045437335968,NaN,11057.0,11057.0,3,14.041006088256836
2021-03-16T23:25:08,107884,7896.51318359375,11066.9130859375,0.10969662666320801,0.25468307733535767,NaN,11057.0,11057.0,3,35.568660736083984
2021-03-16T23:25:28,118071,8591.65234375,12327.6064453125,0.06659570336341858,0.23639380931854248,NaN,11057.0,11057.0,3,34.505165100097656
2021-03-16T23:25:48,118991,9240.443359375,14481.3662109375,0.053299110382795334,0.2664977014064789,10405.9287109375,11057.0,10731.46484375,4,28.25899887084961
2021-03-16T23:26:08,113700,9747.1826171875,16422.869140625,0.051574867218732834,0.28614041209220886,11404.4580078125,11057.0,11230.728515625,4,22.952865600585938
2021-03-16T23:26:28,112321,10185.400390625,18346.578125,0.05194270238280296,0.2525770962238312,11553.3642578125,11057.0,11305.181640625,4,19.644853591918945
2021-03-16T23:26:48,104695,10462.0,18587.716796875,0.04897613823413849,0.2399856150150299,11434.583984375,11057.0,11245.7919921875,4,18.193706512451172
2021-03-16T23:27:08,96816,10599.84375,21301.64453125,0.04635896906256676,0.2639541029930115,11934.0673828125,11057.0,11495.533203125,4,13.85736083984375
2021-03-16T23:27:28,93178,10633.1826171875,21769.443359375,0.04611971601843834,0.23318077623844147,11851.048828125,11057.0,11454.0244140625,4,12.941171646118164
2021-03-16T23:27:48,133329,10615.2958984375,19441.546875,0.10220798850059509,0.1885446310043335,11174.1435546875,11057.0,11115.572265625,4,21.831401824951172
2021-03-16T23:28:08,115074,10683.826171875,19649.107421875,0.0550636388361454,0.2973896861076355,12232.2822265625,11057.0,11644.640625,4,18.606243133544922
2021-03-16T23:28:28,115527,10604.556640625,19887.76171875,0.04770185053348541,0.25973188877105713,10614.869140625,11057.0,10835.9345703125,5,18.285734176635742
2021-03-16T23:28:48,103194,10698.138671875,21199.849609375,0.046004366129636765,0.22298802435398102,12201.7177734375,11057.0,11629.359375,5,14.936182022094727
2021-03-16T23:29:08,102830,10646.9736328125,21775.986328125,0.0455944798886776,0.2326967716217041,5847.7626953125,11057.0,8452.380859375,5,14.283681869506836
2021-03-16T23:29:28,91644,10640.88671875,21755.17578125,0.04635090008378029,0.20310407876968384,9196.033203125,11057.0,10126.5166015625,5,12.744285583496094
2021-03-16T23:29:48,84850,10564.748046875,24708.16796875,0.04697834700345993,0.2576463222503662,8098.86572265625,11057.0,9577.9326171875,5,9.802254676818848
2021-03-16T23:30:08,84990,10680.2783203125,24534.7890625,0.051631491631269455,0.22463157773017883,8225.2001953125,11057.0,9641.099609375,5,9.962242126464844
2021-03-16T23:30:28,76164,10678.826171875,24060.818359375,0.0454380139708519,0.27646878361701965,8430.9541015625,11057.0,9743.9765625,5,9.17845630645752
2021-03-16T23:30:48,126206,10723.921875,21611.46484375,0.08024843782186508,0.3058140277862549,8130.5224609375,11057.0,9593.76171875,5,17.782333374023438
2021-03-16T23:31:08,129236,10745.669921875,21486.845703125,0.040904030203819275,0.2025214284658432,8552.439453125,11057.0,9804.7197265625,5,18.379932403564453
2021-03-16T23:31:28,130869,10790.0263671875,21187.107421875,0.0501268245279789,0.19946126639842987,8748.6923828125,11057.0,9902.845703125,5,19.032730102539062
2021-03-16T23:31:48,120717,10789.521484375,21032.650390625,0.05038375407457352,0.28681522607803345,7623.27587890625,11057.0,9340.1376953125,4,17.744535446166992
2021-03-16T23:32:08,126225,10759.712890625,21122.046875,0.04959014058113098,0.2308589220046997,8376.0517578125,11057.0,9716.525390625,4,18.416135787963867
2021-03-16T23:32:28,109542,10676.6171875,20379.416015625,0.04646735638380051,0.20979581773281097,9615.4951171875,11057.0,10336.248046875,4,16.780853271484375
2021-03-16T23:32:48,94985,10650.2265625,22573.27734375,0.044881101697683334,0.20946839451789856,8139.08251953125,11057.0,9598.041015625,4,12.527820587158203
2021-03-16T23:33:08,99078,10607.2001953125,22170.591796875,0.04465719312429428,0.29491904377937317,6474.35595703125,11057.0,8765.677734375,4,13.38729190826416
2021-03-16T23:33:28,102981,10603.9306640625,20065.115234375,0.10185296833515167,0.3453640341758728,7117.5537109375,11057.0,9087.27734375,4,16.088119506835938
2021-03-16T23:33:48,105854,10536.42578125,20344.86328125,0.05780021473765373,0.26048743724823,9622.478515625,11057.0,10339.7392578125,4,16.156675338745117
2021-03-16T23:34:08,108417,10560.6171875,20439.703125,0.04774145409464836,0.30064284801483154,9000.4501953125,11057.0,10028.724609375,5,16.4531192779541
2021-03-16T23:34:28,92768,10576.49609375,20179.46484375,0.0382777638733387,0.2663416266441345,6613.30322265625,11057.0,8835.1513671875,5,14.354904174804688
2021-03-16T23:34:48,94159,10584.4736328125,20197.82421875,0.038619060069322586,0.2851806879043579,5278.27099609375,11057.0,8167.6357421875,5,14.555910110473633
2021-03-16T23:35:08,91475,10592.3037109375,19203.759765625,0.03939928486943245,0.24078260362148285,5765.46923828125,11057.0,8411.234375,5,15.23731803894043
2021-03-16T23:35:28,89829,10600.0263671875,21264.41015625,0.03818600997328758,0.2523156702518463,6210.56005859375,11057.0,8633.7802734375,5,12.890192031860352
2021-03-16T23:35:48,92908,10694.8779296875,20547.3046875,0.03889833018183708,0.25934281945228577,4764.9619140625,11057.0,7910.98095703125,5,14.07367992401123
2021-03-16T23:36:08,146831,10581.2783203125,18591.044921875,0.07865852862596512,0.2587212920188904,3823.940673828125,11057.0,7440.47021484375,5,25.649883270263672
2021-03-16T23:36:28,149806,10469.3388671875,19146.095703125,0.04089004918932915,0.26018738746643066,NaN,11057.0,11057.0,5,24.925270080566406
2021-03-16T23:36:48,151134,10074.173828125,19594.14453125,0.05034421384334564,0.28096747398376465,NaN,11057.0,11057.0,5,23.871299743652344
2021-03-16T23:37:08,133203,9665.49609375,20068.986328125,0.05090733990073204,0.3523815870285034,NaN,11057.0,11057.0,4,19.941627502441406
2021-03-16T23:37:28,134309,9029.4873046875,20085.607421875,0.045226749032735825,0.27965664863586426,NaN,11057.0,11057.0,4,19.494998931884766
2021-03-16T23:37:48,108141,8349.50390625,19212.31640625,0.04186077415943146,0.3883679509162903,NaN,11057.0,11057.0,4,16.176288604736328
2021-03-16T23:38:08,88964,7637.47802734375,21018.04296875,0.04215878248214722,0.27591177821159363,NaN,11057.0,11057.0,4,11.327025413513184
2021-03-16T23:38:28,88964,7006.49560546875,19939.96484375,0.02876168116927147,0.24126413464546204,NaN,11057.0,11057.0,4,11.790743827819824
2021-03-16T23:38:48,67595,6427.173828125,18142.181640625,0.027693824842572212,0.35025879740715027,NaN,11057.0,11057.0,4,9.876293182373047
2021-03-16T23:39:08,115274,5946.42626953125,15663.8896484375,0.0732736587524414,0.314344584941864,NaN,11057.0,11057.0,4,20.025793075561523
2021-03-16T23:39:28,115274,5478.3740234375,16264.7421875,0.04442748427391052,0.3361354470252991,NaN,11057.0,11057.0,4,18.44336700439453
2021-03-16T23:39:48,115274,5082.4697265625,16683.173828125,0.059198278933763504,0.35202962160110474,3290.195556640625,11057.0,7173.59765625,4,17.36317253112793
2021-03-16T23:40:08,59453,4721.57373046875,16374.248046875,0.027453353628516197,0.27554988861083984,2988.62353515625,11057.0,7022.8115234375,3,8.959797859191895
2021-03-16T23:40:28,59453,4391.40869140625,15005.0517578125,0.02368527092039585,0.22538970410823822,2992.32568359375,11057.0,7024.6630859375,3,9.824789047241211
2021-03-16T23:40:48,3145,4061.252197265625,13764.0947265625,0.023090343922376633,0.2491970658302307,3357.4931640625,11057.0,7207.24658203125,3,0.5681582093238831
2021-03-16T23:41:08,2081,3786.973876953125,13647.7998046875,0.022168099880218506,0.3621380031108856,3431.806396484375,11057.0,7244.4033203125,3,0.37177711725234985
2021-03-16T23:41:28,2081,3561.652099609375,11110.712890625,0.02238846756517887,0.2694801390171051,3360.958984375,11057.0,7208.9794921875,3,0.4790920317173004
2021-03-16T23:41:48,3948,3376.739013671875,8090.94384765625,0.03466993197798729,0.2635519802570343,3918.7177734375,11057.0,7487.85888671875,3,1.3789386749267578
2021-03-16T23:42:08,3948,3213.173828125,7103.9912109375,0.016484646126627922,0.2384060174226761,4361.326171875,11057.0,7709.1630859375,3,1.6244786977767944
2021-03-16T23:42:28,3948,3084.58251953125,6675.6962890625,0.04015151411294937,0.1961982548236847,4102.294921875,11057.0,7579.6474609375,3,1.7447279691696167
2021-03-16T23:42:48,128,2995.608642578125,6364.14111328125,0.04712701588869095,0.4139890670776367,4308.36279296875,11057.0,7682.681640625,1,0.05981855466961861
2021-03-16T23:43:08,128,2904.791259765625,5965.013671875,0.03878116235136986,0.331805944442749,5416.3125,11057.0,8236.65625,1,0.06479091942310333
